Project Code,Project Name,Sector Name,Line Ministry,State,Implementing Agency,Original Cost (Rs. Crore),Revised Cost (Rs. Crore),Cumulative Expenditure (Rs. Crore),Original Commissioning Date,Anticipated Commissioning Date,Physical Progress (%),Month & Year
P-001,Udhampur-Srinagar-Baramulla Rail Link (USBRL),Railways,Ministry of Railways,Jammu & Kashmir,Northern Railway,119.00,37012.00,36200.00,03/2003,12/2026,95.50,03/2026
P-002,Mumbai-Ahmedabad High Speed Rail (MAHSR),Railways,Ministry of Railways,"Maharashtra, Gujarat",NHSRCL,108000.00,108000.00,57000.00,12/2023,08/2026,46.00,03/2026
P-003,Polavaram Irrigation Project,Water Resources,Ministry of Jal Shakti,Andhra Pradesh,Polavaram Project Authority,10151.04,55548.87,21500.00,03/2018,06/2026,79.00,03/2026
P-004,Delhi-Meerut RRTS,Urban Transport,Ministry of Housing and Urban Affairs,"Delhi, Uttar Pradesh",NCRTC,30274.00,30274.00,21800.00,03/2025,06/2025,76.00,03/2026
P-005,Subansiri Lower Hydroelectric Project,Power,Ministry of Power,"Arunachal Pradesh, Assam",NHPC,6285.33,21247.56,19800.00,12/2012,12/2026,92.00,03/2026
P-011,Zojila Tunnel,Road Transport and Highways,MoRTH,Jammu & Kashmir,NHIDCL,6809.00,6809.00,3200.00,12/2026,12/2026,45.00,03/2026
P-012,Bengaluru Suburban Rail Project (BSRP),Urban Transport,Ministry of Housing and Urban Affairs,Karnataka,K-RIDE,15767.00,15767.00,1200.00,10/2026,10/2026,15.00,03/2026
P-013,Ken-Betwa River Interlinking Project,Water Resources,Ministry of Jal Shakti,"Madhya Pradesh, Uttar Pradesh",NWDA,44605.00,44605.00,500.00,03/2030,03/2030,5.00,03/2026
P-014,Pune Metro Rail Project (Phase 1),Urban Transport,Ministry of Housing and Urban Affairs,Maharashtra,Maha-Metro,11420.00,11420.00,9500.00,12/2021,03/2025,88.00,03/2026
P-015,Navi Mumbai Metro Line 1,Urban Transport,Ministry of Housing and Urban Affairs,Maharashtra,CIDCO,4068.00,4068.00,3800.00,12/2014,12/2024,99.00,03/2026
