projectCode,projectName,sector,ministry,state,implementingAgency,originalCost,revisedCost,expenditure,physicalProgress,sourceOrganization,sourceType,sourceDocument,costOverrunAmount,costOverrunPercentage,status,riskScore,riskLevel
"P-001","Udhampur-Srinagar-Baramulla Rail Link (USBRL)","Railways","Ministry of Railways","Jammu & Kashmir","Northern Railway",119,37012,36500,96,"MoSPI","PAIMANA_PUBLIC_DASHBOARD","paimana_april_2026.csv",36893,31002.521008403364,"DELAYED",70,"HIGH"
"P-002","Mumbai-Ahmedabad High Speed Rail (MAHSR)","Railways","Ministry of Railways","Maharashtra, Gujarat","NHSRCL",108000,108000,58500,47.5,"MoSPI","PAIMANA_PUBLIC_DASHBOARD","paimana_april_2026.csv","","","DELAYED",40,"MEDIUM"
"P-003","Polavaram Irrigation Project","Water Resources","Ministry of Jal Shakti","Andhra Pradesh","Polavaram Project Authority",10151.04,55548.87,21800,79.5,"MoSPI","PAIMANA_PUBLIC_DASHBOARD","paimana_april_2026.csv",45397.83,447.2234372044637,"DELAYED",70,"HIGH"
"P-004","Delhi-Meerut RRTS","Urban Transport","Ministry of Housing and Urban Affairs","Delhi, Uttar Pradesh","NCRTC",30274,30274,22100,78,"MoSPI","PAIMANA_PUBLIC_DASHBOARD","paimana_april_2026.csv","","","DELAYED",40,"MEDIUM"
"P-005","Subansiri Lower Hydroelectric Project","Power","Ministry of Power","Arunachal Pradesh, Assam","NHPC",6285.33,21247.56,20100,93,"MoSPI","PAIMANA_PUBLIC_DASHBOARD","paimana_april_2026.csv",14962.230000000001,238.05003078597306,"DELAYED",70,"HIGH"
"P-011","Zojila Tunnel","Road Transport and Highways","MoRTH","Jammu & Kashmir","NHIDCL",6809,6809,3350,47,"MoSPI","PAIMANA_PUBLIC_DASHBOARD","paimana_april_2026.csv","","","ON_TRACK","","LOW"
"P-012","Bengaluru Suburban Rail Project (BSRP)","Urban Transport","Ministry of Housing and Urban Affairs","Karnataka","K-RIDE",15767,15767,1400,18,"MoSPI","PAIMANA_PUBLIC_DASHBOARD","paimana_april_2026.csv","","","ON_TRACK","","LOW"
"P-013","Ken-Betwa River Interlinking Project","Water Resources","Ministry of Jal Shakti","Madhya Pradesh, Uttar Pradesh","NWDA",44605,44605,650,7,"MoSPI","PAIMANA_PUBLIC_DASHBOARD","paimana_april_2026.csv","","","ON_TRACK","","LOW"
"P-014","Pune Metro Rail Project (Phase 1)","Urban Transport","Ministry of Housing and Urban Affairs","Maharashtra","Maha-Metro",11420,11420,9800,89.5,"MoSPI","PAIMANA_PUBLIC_DASHBOARD","paimana_april_2026.csv","","","DELAYED",40,"MEDIUM"
"P-015","Navi Mumbai Metro Line 1","Urban Transport","Ministry of Housing and Urban Affairs","Maharashtra","CIDCO",4068,4068,3900,100,"MoSPI","PAIMANA_PUBLIC_DASHBOARD","paimana_april_2026.csv","","","COMPLETED",30,"MEDIUM"
"P-006","Navi Mumbai International Airport","Civil Aviation","Ministry of Civil Aviation","Maharashtra","CIDCO",16704,16704,8500,65,"MoSPI","MOSPI_MONTHLY_FLASH_REPORT","flash_report_484_annexure.csv","","","DELAYED",40,"MEDIUM"
"P-007","Bhakra Beas Management Board (BBMB) Modernization","Power","Ministry of Power","Punjab","BBMB",250,450,320,82,"MoSPI","MOSPI_MONTHLY_FLASH_REPORT","flash_report_484_annexure.csv",200,80,"DELAYED",70,"HIGH"
"P-008","Eastern Dedicated Freight Corridor (EDFC)","Railways","Ministry of Railways","Multiple","DFCCIL",26674,51000,48000,94,"MoSPI","MOSPI_MONTHLY_FLASH_REPORT","flash_report_484_annexure.csv",24326,91.19742070930495,"DELAYED",70,"HIGH"
"P-009","Kudankulam Nuclear Power Project (Unit 3 & 4)","Atomic Energy","Department of Atomic Energy","Tamil Nadu","NPCIL",39849,39849,21000,71.5,"MoSPI","MOSPI_MONTHLY_FLASH_REPORT","flash_report_484_annexure.csv","","","DELAYED",40,"MEDIUM"
"P-010","Agartala-Akhaura New Rail Line","Railways","Ministry of Railways","Tripura","NFR",972.52,972.52,800,90,"MoSPI","MOSPI_MONTHLY_FLASH_REPORT","flash_report_484_annexure.csv","","","DELAYED",40,"MEDIUM"